name,bioguide_id,state,district,party,role,twitter,facebook,youtube,instagram,website
Maria Cantwell,C000127,WA,,Democrat,Senator,SenatorCantwell,senatorcantwell,SenatorCantwell,,https://www.cantwell.senate.gov
Amy Klobuchar,K000367,MN,,Democrat,Senator,SenAmyKlobuchar,,senatorklobuchar,,https://www.klobuchar.senate.gov
Bernard Sanders,S000033,VT,,Independent,Senator,SenSanders,senatorsanders,senatorsanders,,https://www.sanders.senate.gov
Sheldon Whitehouse,W000802,RI,,Democrat,Senator,SenWhitehouse,SenatorWhitehouse,SenatorWhitehouse,SenWhitehouse,https://www.whitehouse.senate.gov
John Barrasso,B001261,WY,,Republican,Senator,SenJohnBarrasso,johnbarrasso,barrassowyo,,https://www.barrasso.senate.gov
Roger Wicker,W000437,MS,,Republican,Senator,SenatorWicker,SenatorWicker,SenatorWicker,senatorwicker,https://www.wicker.senate.gov
Susan Collins,C001035,ME,,Republican,Senator,SenatorCollins,susancollins,SenatorSusanCollins,sensusancollins,https://www.collins.senate.gov
John Cornyn,C001056,TX,,Republican,Senator,JohnCornyn,sen.johncornyn,senjohncornyn,,https://www.cornyn.senate.gov
Richard Durbin,D000563,IL,,Democrat,Senator,SenatorDurbin,SenatorDurbin,SenatorDurbin,,https://www.durbin.senate.gov
Lindsey Graham,G000359,SC,,Republican,Senator,GrahamBlog,USSenatorLindseyGraham,USSenLindseyGraham,,https://www.lgraham.senate.gov/public
Mitch McConnell,M000355,KY,,Republican,Senator,McConnellPress,mitchmcconnell,,mcconnellpress,https://www.mcconnell.senate.gov
Jeff Merkley,M001176,OR,,Democrat,Senator,SenJeffMerkley,jeffmerkley,SenatorJeffMerkley,senjeffmerkley,https://www.merkley.senate.gov
John Reed,R000122,RI,,Democrat,Senator,SenJackReed,SenJackReed,SenatorReed,,https://www.reed.senate.gov
James Risch,R000584,ID,,Republican,Senator,SenatorRisch,senatorjimrisch,SenatorJamesRisch,,https://www.risch.senate.gov
Jeanne Shaheen,S001181,NH,,Democrat,Senator,SenatorShaheen,SenatorShaheen,senatorshaheen,senatorshaheen,https://www.shaheen.senate.gov
Mark Warner,W000805,VA,,Democrat,Senator,MarkWarner,MarkRWarner,SenatorMarkWarner,senatorwarner,https://www.warner.senate.gov
Kirsten Gillibrand,G000555,NY,,Democrat,Senator,GillibrandNY,SenKirstenGillibrand,KirstenEGillibrand,senkirstengillibrand,https://www.gillibrand.senate.gov
Christopher Coons,C001088,DE,,Democrat,Senator,ChrisCoons,senatorchriscoons,senatorchriscoons,senatorchriscoons,https://www.coons.senate.gov
Robert Aderholt,A000055,AL,4,Republican,Representative,Robert_Aderholt,RobertAderholt,RobertAderholt,,https://aderholt.house.gov
Tammy Baldwin,B001230,WI,,Democrat,Senator,SenatorBaldwin,senatortammybaldwin,witammybaldwin,senatorbaldwin,https://www.baldwin.senate.gov
Michael Bennet,B001267,CO,,Democrat,Senator,SenatorBennet,senbennetco,SenatorBennet,SenBennetCO,https://www.bennet.senate.gov
Gus Bilirakis,B001257,FL,12,Republican,Representative,RepGusBilirakis,GusBilirakis,RepGusBilirakis,gusbilirakis,https://bilirakis.house.gov
Sanford Bishop,B000490,GA,2,Democrat,Representative,SanfordBishop,sanfordbishop,RepSanfordBishop,,https://bishop.house.gov
Marsha Blackburn,B001243,TN,,Republican,Senator,MarshaBlackburn,marshablackburn,RepMarshaBlackburn,marshablackburn,https://www.blackburn.senate.gov
Richard Blumenthal,B001277,CT,,Democrat,Senator,SenBlumenthal,SenBlumenthal,SenatorBlumenthal,senblumenthal,https://www.blumenthal.senate.gov
John Boozman,B001236,AR,,Republican,Senator,JohnBoozman,JohnBoozman,BoozmanPressOffice,johnboozman,https://www.boozman.senate.gov/public
Vern Buchanan,B001260,FL,16,Republican,Representative,VernBuchanan,CongressmanBuchanan,vernbuchanan,repvern,https://buchanan.house.gov
Ken Calvert,C000059,CA,41,Republican,Representative,KenCalvert,70063393423,RepKenCalvert,repkencalvert,https://calvert.house.gov
Shelley Capito,C001047,WV,,Republican,Senator,SenCapito,senshelley,,sencapito,https://www.capito.senate.gov
André Carson,C001072,IN,7,Democrat,Representative,RepAndreCarson,CongressmanAndreCarson,repandrecarson,repandrecarson,https://carson.house.gov
John Carter,C001051,TX,31,Republican,Representative,JudgeCarter,judgecarter,repjohncarter,judgecarter,https://carter.house.gov
Bill Cassidy,C001075,LA,,Republican,Senator,SenBillCassidy,SenBillCassidy,SenatorBillCassidy,senbillcassidy,https://www.cassidy.senate.gov
Kathy Castor,C001066,FL,14,Democrat,Representative,USRepKCastor,USRepKathyCastor,RepKathyCastor,usrepkathycastor,https://castor.house.gov
Judy Chu,C001080,CA,28,Democrat,Representative,RepJudyChu,RepJudyChu,RepJudyChu,repjudychu,https://chu.house.gov
Yvette Clarke,C001067,NY,9,Democrat,Representative,RepYvetteClarke,repyvettedclarke,repyvetteclarke,repyvettedclarke,https://clarke.house.gov
Emanuel Cleaver,C001061,MO,5,Democrat,Representative,RepCleaver,emanuelcleaverii,repcleaver,repcleaver,https://cleaver.house.gov
James Clyburn,C000537,SC,6,Democrat,Representative,RepJamesClyburn,jameseclyburn,repjamesclyburn,repjamesclyburn,https://clyburn.house.gov
Steve Cohen,C001068,TN,9,Democrat,Representative,RepCohen,CongressmanSteveCohen,repcohen,repcohen,https://cohen.house.gov
Tom Cole,C001053,OK,4,Republican,Representative,TomColeOK04,TomColeOK04,reptomcole,TomColeOK04,https://cole.house.gov
Jim Costa,C001059,CA,21,Democrat,Representative,RepJimCosta,RepJimCosta,RepJimCostaCA20,,https://costa.house.gov
Joe Courtney,C001069,CT,2,Democrat,Representative,RepJoeCourtney,joecourtney,repcourtney,repjoecourtney,https://courtney.house.gov
Michael Crapo,C000880,ID,,Republican,Senator,MikeCrapo,mikecrapo,senatorcrapo,mikecrapo,https://www.crapo.senate.gov
Eric Crawford,C001087,AR,1,Republican,Representative,RepRickCrawford,RepRickCrawford,RepRickCrawford,reprickcrawford,https://crawford.house.gov
Henry Cuellar,C001063,TX,28,Democrat,Representative,RepCuellar,152569121550,henrycuellar,RepCuellar,https://cuellar.house.gov
Danny Davis,D000096,IL,7,Democrat,Representative,RepDannyDavis,CongressmanDKDavis,dannykdavis07,,https://davis.house.gov
Diana DeGette,D000197,CO,1,Democrat,Representative,RepDianaDeGette,DianaDeGette,RepDianaDeGette,,https://degette.house.gov
Rosa DeLauro,D000216,CT,3,Democrat,Representative,RosaDeLauro,CongresswomanRosaDeLauro,rosadelauro,,https://delauro.house.gov
Scott DesJarlais,D000616,TN,4,Republican,Representative,DesJarlaisTN04,ScottDesJarlaisTN04,ScottDesJarlaisTN04,desjarlaistn04,https://desjarlais.house.gov
Mario Diaz-Balart,D000600,FL,26,Republican,Representative,MarioDB,mdiazbalart,MarioDiazBalart,repmariodb,https://mariodiazbalart.house.gov
Lloyd Doggett,D000399,TX,37,Democrat,Representative,RepLloydDoggett,lloyddoggett,doggett,replloyddoggett,https://doggett.house.gov
Charles Fleischmann,F000459,TN,3,Republican,Representative,RepChuck,repchuck,repchuck,,https://fleischmann.house.gov
Virginia Foxx,F000450,NC,5,Republican,Representative,VirginiaFoxx,RepVirginiaFoxx,repvirginiafoxx,repvirginiafoxx,https://foxx.house.gov
John Garamendi,G000559,CA,8,Democrat,Representative,RepGaramendi,repgaramendi,garamendiCA10,repgaramendi,https://garamendi.house.gov
Paul Gosar,G000565,AZ,9,Republican,Representative,RepGosar,repgosar,repgosar,REPGOSAR,https://gosar.house.gov
Charles Grassley,G000386,IA,,Republican,Senator,ChuckGrassley,grassley,senchuckgrassley,senatorchuckgrassley,https://www.grassley.senate.gov
Sam Graves,G000546,MO,6,Republican,Representative,RepSamGraves,118514606128,,repsamgraves,https://graves.house.gov
Al Green,G000553,TX,9,Democrat,Representative,RepAlGreen,repalgreen,RepAlGreen,repalgreen,https://algreen.house.gov
H. Griffith,G000568,VA,9,Republican,Representative,RepMGriffith,RepMorganGriffith,RepMorganGriffith,hmorgangriffith,https://morgangriffith.house.gov
Brett Guthrie,G000558,KY,2,Republican,Representative,RepGuthrie,CongressmanGuthrie,BrettGuthrie,repguthrie,https://guthrie.house.gov
Andy Harris,H001052,MD,1,Republican,Representative,RepAndyHarrisMD,AndyHarrisMD,RepAndyHarris,,https://harris.house.gov
Martin Heinrich,H001046,NM,,Democrat,Senator,MartinHeinrich,MartinHeinrich,SenMartinHeinrich,senatormartinheinrich,https://www.heinrich.senate.gov
James Himes,H001047,CT,4,Democrat,Representative,jahimes,CongressmanJimHimes,congressmanhimes,repjimhimes,https://himes.house.gov
Mazie Hirono,H001042,HI,,Democrat,Senator,MazieHirono,senatorhirono,CongresswomanHirono,maziehirono,https://www.hirono.senate.gov
John Hoeven,H001061,ND,,Republican,Senator,SenJohnHoeven,SenatorJohnHoeven,senatorjohnhoevennd,senjohnhoeven,https://www.hoeven.senate.gov
Steny Hoyer,H000874,MD,5,Democrat,Representative,RepStenyHoyer,WhipHoyer,LeaderHoyer,repstenyhoyer,https://hoyer.house.gov
Bill Huizenga,H001058,MI,4,Republican,Representative,RepHuizenga,RepHuizenga,RepHuizenga,RepHuizenga,https://huizenga.house.gov
Henry Johnson,J000288,GA,4,Democrat,Representative,RepHankJohnson,115356957005,RepHankJohnson,rephankjohnson,https://hankjohnson.house.gov
Ron Johnson,J000293,WI,,Republican,Senator,SenRonJohnson,senronjohnson,SenatorRonJohnson,senronjohnson,https://www.ronjohnson.senate.gov
Jim Jordan,J000289,OH,4,Republican,Representative,Jim_Jordan,repjimjordan,RepJimJordan,,https://jordan.house.gov
Marcy Kaptur,K000009,OH,9,Democrat,Representative,RepMarcyKaptur,RepresentativeMarcyKaptur,USRepMarcyKaptur,repmarcykaptur,https://kaptur.house.gov
William Keating,K000375,MA,9,Democrat,Representative,USRepKeating,Congressman.Keating,RepBillKeating,,https://keating.house.gov
Mike Kelly,K000376,PA,16,Republican,Representative,MikeKellyPA,191056827594903,repmikekelly,,https://kelly.house.gov
James Lankford,L000575,OK,,Republican,Senator,SenatorLankford,SenatorLankford,SenatorLankford,senatorlankford,https://www.lankford.senate.gov
Rick Larsen,L000560,WA,2,Democrat,Representative,RepRickLarsen,RepRickLarsen,congressmanlarsen,repricklarsen,https://larsen.house.gov
John Larson,L000557,CT,1,Democrat,Representative,RepJohnLarson,RepJohnLarson,RepJohnLarson,RepJohnBLarson,https://larson.house.gov
Robert Latta,L000566,OH,5,Republican,Representative,BobLatta,boblatta,CongressmanBobLatta,boblatta,https://latta.house.gov
Mike Lee,L000577,UT,,Republican,Senator,SenMikeLee,senatormikelee,senatormikelee,senmikelee,https://www.lee.senate.gov
Zoe Lofgren,L000397,CA,18,Democrat,Representative,RepZoeLofgren,zoelofgren,RepZoeLofgren,,https://lofgren.house.gov
Frank Lucas,L000491,OK,3,Republican,Representative,RepFrankLucas,RepFrankLucas,RepFrankLucas,repfranklucas,https://lucas.house.gov
Ben Luján,L000570,NM,,Democrat,Senator,SenatorLujan,SenatorLujan,,senatorlujan,https://www.lujan.senate.gov
Stephen Lynch,L000562,MA,8,Democrat,Representative,RepStephenLynch,repstephenlynch,RepLynch,repstephenlynch,https://lynch.house.gov
Edward Markey,M000133,MA,,Democrat,Senator,SenMarkey,EdJMarkey,RepMarkey,senmarkeymemes,https://www.markey.senate.gov
Doris Matsui,M001163,CA,7,Democrat,Representative,DorisMatsui,doris.matsui,RepDorisMatsui,repdorismatsui,https://matsui.house.gov
Michael McCaul,M001157,TX,10,Republican,Representative,RepMcCaul,michaeltmccaul,MichaelTMcCaul,congressman_mccaul,https://mccaul.house.gov
Tom McClintock,M001177,CA,5,Republican,Representative,RepMcClintock,81125319109,McClintockCA04,repmcclintock,https://mcclintock.house.gov
Betty McCollum,M001143,MN,4,Democrat,Representative,BettyMcCollum04,repbettymccollum,BMcCollum04,repbettymccollum,https://mccollum.house.gov
James McGovern,M000312,MA,2,Democrat,Representative,RepMcGovern,RepJimMcGovern,repjimmcgovern,repmcgovern,https://mcgovern.house.gov
Gregory Meeks,M001137,NY,5,Democrat,Representative,RepGregoryMeeks,gregorymeeksny05,gwmeeks,repgregorymeeks,https://meeks.house.gov
Gwen Moore,M001160,WI,4,Democrat,Representative,RepGwenMoore,GwenSMoore,RepGwenMoore,RepGwenMoore,https://gwenmoore.house.gov
Jerry Moran,M000934,KS,,Republican,Senator,JerryMoran,jerrymoran,senatorjerrymoran,senjerrymoran,https://www.moran.senate.gov
Lisa Murkowski,M001153,AK,,Republican,Senator,LisaMurkowski,SenLisaMurkowski,senatormurkowski,senlisamurkowski,https://www.murkowski.senate.gov
Christopher Murphy,M001169,CT,,Democrat,Senator,SenMurphyOffice,chrismurphyct,senchrismurphy,senchrismurphy,https://www.murphy.senate.gov
Patty Murray,M001111,WA,,Democrat,Senator,PattyMurray,,SenatorPattyMurray,senpattymurray,https://www.murray.senate.gov
Jerrold Nadler,N000002,NY,12,Democrat,Representative,RepJerryNadler,CongressmanNadler,congressmannadler,,https://nadler.house.gov
Richard Neal,N000015,MA,1,Democrat,Representative,RepRichardNeal,reprichardneal,RepRichardENeal,,https://neal.house.gov
Eleanor Norton,N000147,DC,0,Democrat,Representative,EleanorNorton,CongresswomanNorton,EleanorHNorton,congresswomannorton,https://norton.house.gov
Frank Pallone,P000034,NJ,6,Democrat,Representative,FrankPallone,repfrankpallone,repfrankpallone,repfrankpallone,https://pallone.house.gov
Rand Paul,P000603,KY,,Republican,Senator,SenRandPaul,SenatorRandPaul,SenatorRandPaul,senatorrandpaul,https://www.paul.senate.gov
Nancy Pelosi,P000197,CA,11,Democrat,Representative,SpeakerPelosi,NancyPelosi,nancypelosi,,https://pelosi.house.gov
Gary Peters,P000595,MI,,Democrat,Senator,SenGaryPeters,SenGaryPeters,RepGaryPeters,sengarypeters,https://www.peters.senate.gov
Chellie Pingree,P000597,ME,1,Democrat,Representative,ChelliePingree,ChelliePingree,congresswomanpingree,chelliepingree,https://pingree.house.gov
Mike Quigley,Q000023,IL,5,Democrat,Representative,RepMikeQuigley,repmikequigley,RepMikeQuigley,repmikequigley,https://quigley.house.gov
Harold Rogers,R000395,KY,5,Republican,Representative,RepHalRogers,CongressmanHalRogers,RepHalRogers,rephalrogers,https://halrogers.house.gov
Mike Rogers,R000575,AL,3,Republican,Representative,RepMikeRogersAL,CongressmanMikeDRogers,MikeRogersAL03,repmikerogersal,https://mikerogers.house.gov
Steve Scalise,S001176,LA,1,Republican,Representative,SteveScalise,RepSteveScalise,RepSteveScalise,stevescalise,https://scalise.house.gov
Janice Schakowsky,S001145,IL,9,Democrat,Representative,JanSchakowsky,janschakowsky,repschakowsky,JanSchakowsky,https://schakowsky.house.gov
Adam Schiff,S001150,CA,,Democrat,Senator,SenAdamSchiff,SenAdamSchiff,adamschiff,SenAdamSchiff,https://www.schiff.senate.gov
Charles Schumer,S000148,NY,,Democrat,Senator,SenSchumer,senschumer,SenatorSchumer,senschumer,https://www.schumer.senate.gov
David Schweikert,S001183,AZ,1,Republican,Representative,RepDavid,repdavidschweikert,RepDavidSchweikert,repdavid,https://schweikert.house.gov
Austin Scott,S001189,GA,8,Republican,Representative,AustinScottGA08,RepAustinScott,RepAustinScott,,https://austinscott.house.gov
David Scott,S001157,GA,13,Democrat,Representative,RepDavidScott,113303673339,RepDavidScott,RepDavidScott,https://davidscott.house.gov
Robert Scott,S000185,VA,3,Democrat,Representative,BobbyScott,RepBobbyScott,repbobbyscott,repbobbyscott,https://bobbyscott.house.gov
Tim Scott,S001184,SC,,Republican,Senator,SenatorTimScott,SenatorTimScott,SenatorTimScott,SenatorTimScott,https://www.scott.senate.gov
Terri Sewell,S001185,AL,7,Democrat,Representative,RepTerriSewell,RepSewell,RepSewell,repterriasewell,https://sewell.house.gov
Brad Sherman,S000344,CA,32,Democrat,Representative,BradSherman,63158229861,shermanca27,congressmansherman,https://sherman.house.gov
Michael Simpson,S001148,ID,2,Republican,Representative,CongMikeSimpson,96007744606,CongMikeSimpson,congressmanmikesimpson,https://simpson.house.gov
Adam Smith,S000510,WA,9,Democrat,Representative,RepAdamSmith,RepAdamSmith,CongressmanAdamSmith,repadamsmith,https://adamsmith.house.gov
Adrian Smith,S001172,NE,3,Republican,Representative,RepAdrianSmith,repadriansmith,RepAdrianSmith,RepAdrianSmith,https://adriansmith.house.gov
Christopher Smith,S000522,NJ,4,Republican,Representative,,RepChrisSmith,USRepChrisSmith,repchrissmith,https://chrissmith.house.gov
Linda Sánchez,S001156,CA,38,Democrat,Representative,RepLindaSanchez,CongresswomanLindaSanchez,LindaTSanchez,replindasanchez,https://lindasanchez.house.gov
Bennie Thompson,T000193,MS,2,Democrat,Representative,BennieGThompson,CongressmanBennieGThompson,RepBennieThompson,benniegthompson,https://benniethompson.house.gov
Mike Thompson,T000460,CA,4,Democrat,Representative,RepThompson,RepMikeThompson,CongressmanMThompson,,https://mikethompson.house.gov
Glenn Thompson,T000467,PA,15,Republican,Representative,CongressmanGT,CongressmanGT,CongressmanGT,congressman_gt,https://thompson.house.gov
John Thune,T000250,SD,,Republican,Senator,SenJohnThune,LeaderJohnThune,johnthune,senjohnthune,https://www.thune.senate.gov
Paul Tonko,T000469,NY,20,Democrat,Representative,RepPaulTonko,reppaultonko,reppaultonko,reppaultonko,https://tonko.house.gov
Michael Turner,T000463,OH,10,Republican,Representative,RepMikeTurner,RepMikeTurner,CongressmanTurner,repmiketurner,https://turner.house.gov
Chris Van Hollen,V000128,MD,,Democrat,Senator,ChrisVanHollen,chrisvanhollen,RepChrisVanHollen,chrisvanhollen,https://www.vanhollen.senate.gov
Nydia Velázquez,V000081,NY,7,Democrat,Representative,NydiaVelazquez,8037068318,nydiavelazquez,,https://velazquez.house.gov
Tim Walberg,W000798,MI,5,Republican,Representative,RepWalberg,RepWalberg,RepWalberg,repwalberg,https://walberg.house.gov
Debbie Wasserman Schultz,W000797,FL,25,Democrat,Representative,RepDWStweets,RepDWS,RepWassermanSchultz,RepDWSTweets,https://wassermanschultz.house.gov
Maxine Waters,W000187,CA,43,Democrat,Representative,RepMaxineWaters,MaxineWaters,MaxineWaters,repmaxinewaters,https://waters.house.gov
Daniel Webster,W000806,FL,11,Republican,Representative,RepWebster,RepWebster,repdanwebster,,https://webster.house.gov
Peter Welch,W000800,VT,,Democrat,Senator,PeterWelch,PeterWelch,reppeterwelch,reppeterwelch,https://www.welch.senate.gov
Joe Wilson,W000795,SC,2,Republican,Representative,RepJoeWilson,JoeWilson,RepJoeWilson,repjoewilson,https://joewilson.house.gov
Frederica Wilson,W000808,FL,24,Democrat,Representative,RepWilson,RepWilson,repfredericawilson,repwilson,https://wilson.house.gov
Robert Wittman,W000804,VA,1,Republican,Representative,RobWittman,RepRobWittman,RobWittman,reprobwittman,https://wittman.house.gov
Steve Womack,W000809,AR,3,Republican,Representative,Rep_SteveWomack,RepSteveWomack,CongressmanWomack,rep_stevewomack,https://womack.house.gov
Ron Wyden,W000779,OR,,Democrat,Senator,RonWyden,senatorronwyden,senronwyden,ronwyden,https://www.wyden.senate.gov
Todd Young,Y000064,IN,,Republican,Senator,SenToddYoung,SenatorToddYoung,RepToddYoung,sentoddyoung,https://www.young.senate.gov
Mark Amodei,A000369,NV,2,Republican,Representative,MarkAmodeiNV2,MarkAmodeiNV2,markamodeinv2,MarkAmodeiNV2,https://amodei.house.gov
Suzanne Bonamici,B001278,OR,1,Democrat,Representative,RepBonamici,congresswomanbonamici,RepSuzanneBonamici,RepBonamici,https://bonamici.house.gov
Suzan DelBene,D000617,WA,1,Democrat,Representative,RepDelBene,RepDelBene,,repdelbene,https://delbene.house.gov
Thomas Massie,M001184,KY,4,Republican,Representative,RepThomasMassie,RepThomasMassie,repthomasmassie,repthomasmassie,https://massie.house.gov
Brian Schatz,S001194,HI,,Democrat,Senator,SenBrianSchatz,SenBrianSchatz,senbrianschatz,senbrianschatz,https://www.schatz.senate.gov
Bill Foster,F000454,IL,11,Democrat,Representative,RepBillFoster,CongressmanBillFoster,RepBillFoster,,https://foster.house.gov
Dina Titus,T000468,NV,1,Democrat,Representative,RepDinaTitus,CongresswomanTitus,CongresswomanTitus,dinatitusnv,https://titus.house.gov
Tom Cotton,C001095,AR,,Republican,Senator,SenTomCotton,SenatorTomCotton,RepTomCotton,,https://www.cotton.senate.gov
Jared Huffman,H001068,CA,2,Democrat,Representative,RepHuffman,RepHuffman,rephuffman,rephuffman,https://huffman.house.gov
Ami Bera,B001287,CA,6,Democrat,Representative,RepBera,RepAmiBera,repamibera,repbera,https://bera.house.gov
Eric Swalwell,S001193,CA,14,Democrat,Representative,RepSwalwell,CongressmanEricSwalwell,ericswalwell,repswalwell,https://swalwell.house.gov
Julia Brownley,B001285,CA,26,Democrat,Representative,RepBrownley,RepJuliaBrownley,RepJuliaBrownley,RepBrownley,https://juliabrownley.house.gov
Raul Ruiz,R000599,CA,25,Democrat,Representative,RepRaulRuizMD,CongressmanRaulRuizMD,repraulruiz,,https://ruiz.house.gov
Mark Takano,T000472,CA,39,Democrat,Representative,RepMarkTakano,RepMarkTakano,RepMarkTakano,repmarktakano,https://takano.house.gov
Juan Vargas,V000130,CA,52,Democrat,Representative,RepJuanVargas,RepJuanVargas,RepJuanVargas,repjuanvargas,https://vargas.house.gov
Scott Peters,P000608,CA,50,Democrat,Representative,RepScottPeters,RepScottPeters,,repscottpeters,https://scottpeters.house.gov
Lois Frankel,F000462,FL,22,Democrat,Representative,RepLoisFrankel,RepLoisFrankel,reploisfrankel,reploisfrankel,https://frankel.house.gov
Tammy Duckworth,D000622,IL,,Democrat,Senator,SenDuckworth,SenDuckworth,repduckworth,SenDuckworth,https://www.duckworth.senate.gov
Garland Barr,B001282,KY,6,Republican,Representative,RepAndyBarr,RepAndyBarr,RepAndyBarr,RepAndyBarr,https://barr.house.gov
Elizabeth Warren,W000817,MA,,Democrat,Senator,SenWarren,senatorelizabethwarren,senelizabethwarren,senwarren,https://www.warren.senate.gov
Angus King,K000383,ME,,Independent,Senator,SenAngusKing,SenatorAngusSKingJr,SenatorAngusKing,,https://www.king.senate.gov
Ann Wagner,W000812,MO,2,Republican,Representative,RepAnnWagner,RepAnnWagner,,repannwagner,https://wagner.house.gov
Steve Daines,D000618,MT,,Republican,Senator,SteveDaines,SteveDainesMT,SteveDainesMT,stevedaines,https://www.daines.senate.gov
Richard Hudson,H001067,NC,9,Republican,Representative,RepRichHudson,RepRichHudson,RepRichHudson,,https://hudson.house.gov
Kevin Cramer,C001096,ND,,Republican,Senator,SenKevinCramer,CongressmanKevinCramer,kevincramer,repkevincramer,https://www.cramer.senate.gov
Deb Fischer,F000463,NE,,Republican,Senator,SenatorFischer,senatordebfischer,senatordebfischer,senatorfischer,https://www.fischer.senate.gov
Grace Meng,M001188,NY,6,Democrat,Representative,RepGraceMeng,repgracemeng,,,https://meng.house.gov
Hakeem Jeffries,J000294,NY,8,Democrat,Representative,RepJeffries,RepHakeemJeffries,,repjeffries,https://jeffries.house.gov
Joyce Beatty,B001281,OH,3,Democrat,Representative,RepBeatty,RepJoyceBeatty,,repbeatty,https://beatty.house.gov
David Joyce,J000295,OH,14,Republican,Representative,RepDaveJoyce,RepDaveJoyce,repdavejoyce,repdavejoyce,https://joyce.house.gov
Markwayne Mullin,M001190,OK,,Republican,Senator,SenMullin,RepMullin,,senmullin,https://www.mullin.senate.gov
Scott Perry,P000605,PA,10,Republican,Representative,RepScottPerry,repscottperry,RepScottPerry,repscottperry,https://perry.house.gov
Ted Cruz,C001098,TX,,Republican,Senator,SenTedCruz,SenatorTedCruz,sentedcruz,sentedcruz,https://www.cruz.senate.gov
Randy Weber,W000814,TX,14,Republican,Representative,TXRandy14,TXRandy14,TXRandy14,TXRandy14,https://weber.house.gov
Joaquin Castro,C001091,TX,20,Democrat,Representative,JoaquinCastrotx,326420614138023,JoaquinCastroTX,joaquincastrotx,https://castro.house.gov
Roger Williams,W000816,TX,25,Republican,Representative,RepRWilliams,RepRogerWilliams,,,https://williams.house.gov
Marc Veasey,V000131,TX,33,Democrat,Representative,RepVeasey,CongressmanMarcVeasey,marcveasey,repveasey,https://veasey.house.gov
Timothy Kaine,K000384,VA,,Democrat,Senator,,SenatorKaine,SenatorTimKaine,sentimkaine,https://www.kaine.senate.gov
Mark Pocan,P000607,WI,2,Democrat,Representative,RepMarkPocan,repmarkpocan,repmarkpocan,repmarkpocan,https://pocan.house.gov
Robin Kelly,K000385,IL,2,Democrat,Representative,RepRobinKelly,reprobinkelly,,reprobinkelly,https://robinkelly.house.gov
Jason Smith,S001195,MO,8,Republican,Representative,RepJasonSmith,repjasonsmith,RepJasonSmith,,https://jasonsmith.house.gov
Cory Booker,B001288,NJ,,Democrat,Senator,SenBooker,SenatorCoryBooker,SenCoryBooker,corybooker,https://www.booker.senate.gov
Katherine Clark,C001101,MA,5,Democrat,Representative,RepKClark,CongresswomanClark,,repkclark,https://katherineclark.house.gov
Donald Norcross,N000188,NJ,1,Democrat,Representative,DonaldNorcross,DonaldNorcrossNJ,,donald_norcross,https://norcross.house.gov
Alma Adams,A000370,NC,12,Democrat,Representative,RepAdams,CongresswomanAdams,,repadams,https://adams.house.gov
Gary Palmer,P000609,AL,6,Republican,Representative,USRepGaryPalmer,CongressmanGaryPalmer,,repgarypalmer,https://palmer.house.gov
J. Hill,H001072,AR,2,Republican,Representative,RepFrenchHill,RepFrenchHill,,repfrenchhill,https://hill.house.gov
Bruce Westerman,W000821,AR,4,Republican,Representative,RepWesterman,RepWesterman,,,https://westerman.house.gov
Ruben Gallego,G000574,AZ,,Democrat,Senator,RepRubenGallego,RepRubenGallego,,reprubengallego,https://www.gallego.senate.gov
Mark DeSaulnier,D000623,CA,10,Democrat,Representative,RepDeSaulnier,RepMarkDeSaulnier,,repdesaulnier,https://desaulnier.house.gov
Pete Aguilar,A000371,CA,33,Democrat,Representative,RepPeteAguilar,reppeteaguilar,,,https://aguilar.house.gov
Ted Lieu,L000582,CA,36,Democrat,Representative,RepTedLieu,RepTedLieu,,RepTedLieu,https://lieu.house.gov
Norma Torres,T000474,CA,35,Democrat,Representative,NormaJTorres,RepNormaTorres,,repnormatorres,https://torres.house.gov
Earl Carter,C001103,GA,1,Republican,Representative,RepBuddyCarter,congressmanbuddycarter,,repbuddycarter,https://buddycarter.house.gov
Barry Loudermilk,L000583,GA,11,Republican,Representative,RepLoudermilk,reploudermilk,,RepLoudermilk,https://loudermilk.house.gov
Rick Allen,A000372,GA,12,Republican,Representative,RepRickAllen,CongressmanRickAllen,,Rep_RickAllen,https://allen.house.gov
Mike Bost,B001295,IL,12,Republican,Representative,RepBost,RepBost,,,https://bost.house.gov
Seth Moulton,M001196,MA,6,Democrat,Representative,RepMoulton,CongressmanSethMoulton,,repmoulton,https://moulton.house.gov
John Moolenaar,M001194,MI,2,Republican,Representative,RepMoolenaar,RepMoolenaar,,RepMoolenaar,https://moolenaar.house.gov
Debbie Dingell,D000624,MI,6,Democrat,Representative,RepDebDingell,RepDebbieDingell,,repdingell,https://debbiedingell.house.gov
Tom Emmer,E000294,MN,6,Republican,Representative,RepTomEmmer,reptomemmer,RepTomEmmer,reptomemmer,https://emmer.house.gov
David Rouzer,R000603,NC,7,Republican,Representative,RepDavidRouzer,RepRouzer,,repdavidrouzer,https://rouzer.house.gov
Bonnie Watson Coleman,W000822,NJ,12,Democrat,Representative,RepBonnie,RepBonnie,,repbonnie,https://watsoncoleman.house.gov
Elise Stefanik,S001196,NY,21,Republican,Representative,RepStefanik,RepEliseStefanik,,repstefanik,https://stefanik.house.gov
Brendan Boyle,B001296,PA,2,Democrat,Representative,CongBoyle,CongressmanBoyle,,,https://boyle.house.gov
Brian Babin,B001291,TX,36,Republican,Representative,RepBrianBabin,RepBrianBabin,,,https://babin.house.gov
Donald Beyer,B001292,VA,8,Democrat,Representative,RepDonBeyer,RepDonBeyer,,repdonbeyer,https://beyer.house.gov
Stacey Plaskett,P000610,VI,0,Democrat,Representative,StaceyPlaskett,repstaceyplaskett,,stacey_plaskett,https://plaskett.house.gov
Dan Newhouse,N000189,WA,4,Republican,Representative,RepNewhouse,RepNewhouse,,repnewhouse,https://newhouse.house.gov
Glenn Grothman,G000576,WI,6,Republican,Representative,RepGrothman,RepGrothman,,repglenngrothman,https://grothman.house.gov
Aumua Amata Radewagen,R000600,AS,0,Republican,Representative,RepAmata,aumuaamata,,,https://radewagen.house.gov
Dan Sullivan,S001198,AK,,Republican,Senator,SenDanSullivan,SenDanSullivan,,sen_dansullivan,https://www.sullivan.senate.gov
Joni Ernst,E000295,IA,,Republican,Senator,SenJoniErnst,senjoniernst,,senjoniernst,https://www.ernst.senate.gov
Thom Tillis,T000476,NC,,Republican,Senator,SenThomTillis,SenatorThomTillis,,senthomtillis,https://www.tillis.senate.gov
Mike Rounds,R000605,SD,,Republican,Senator,SenatorRounds,SenatorMikeRounds,,senatorrounds,https://www.rounds.senate.gov
Trent Kelly,K000388,MS,1,Republican,Representative,RepTrentKelly,reptrentkelly,,reptrentkelly,https://trentkelly.house.gov
Darin LaHood,L000585,IL,16,Republican,Representative,RepLaHood,replahood,,,https://lahood.house.gov
Warren Davidson,D000626,OH,8,Republican,Representative,WarrenDavidson,CongressmanWarrenDavidson,,instawarrendavidson,https://davidson.house.gov
James Comer,C001108,KY,1,Republican,Representative,RepJamesComer,congressmancomer,,congressmancomer,https://comer.house.gov
Dwight Evans,E000296,PA,3,Democrat,Representative,RepDwightEvans,RepDwightEvans,,repdwightevans,https://evans.house.gov
John Kennedy,K000393,LA,,Republican,Senator,SenJohnKennedy,JohnKennedyLouisiana,UCDgjkA5Y_npoxeUiSW18JZQ,SenJohnKennedy,https://www.kennedy.senate.gov/public
Margaret Hassan,H001076,NH,,Democrat,Senator,SenatorHassan,SenatorHassan,,senatorhassan,https://www.hassan.senate.gov
Catherine Cortez Masto,C001113,NV,,Democrat,Senator,SenCortezMasto,SenatorCortezMasto,,sencortezmasto,https://www.cortezmasto.senate.gov
Bradley Schneider,S001190,IL,10,Democrat,Representative,RepSchneider,CongressmanBradSchneider,RepBradSchneider,repschneider,https://schneider.house.gov
Andy Biggs,B001302,AZ,5,Republican,Representative,RepAndyBiggsAZ,RepAndyBiggs,,repandybiggs,https://biggs.house.gov
Ro Khanna,K000389,CA,17,Democrat,Representative,RepRoKhanna,RepRoKhanna,,reprokhanna,https://khanna.house.gov
Jimmy Panetta,P000613,CA,19,Democrat,Representative,RepJimmyPanetta,RepJimmyPanetta,,repjimmypanetta,https://panetta.house.gov
Salud Carbajal,C001112,CA,24,Democrat,Representative,RepCarbajal,repsaludcarbajal,repcarbajal,repcarbajal,https://carbajal.house.gov
Nanette Barragán,B001300,CA,44,Democrat,Representative,RepBarragan,CongresswomanBarragan,,repbarragan,https://barragan.house.gov
J. Correa,C001110,CA,46,Democrat,Representative,RepLouCorrea,RepLouCorrea,,reploucorrea,https://correa.house.gov
Lisa Blunt Rochester,B001303,DE,,Democrat,Senator,SenLBR,Rep.BluntRochester,,senlbr,https://www.bluntrochester.senate.gov
Neal Dunn,D000628,FL,2,Republican,Representative,DrNealDunnFL2,drnealdunnfl2,,,https://dunn.house.gov
John Rutherford,R000609,FL,5,Republican,Representative,RepRutherfordFL,RepRutherfordFL,Reprutherfordfl,reprutherfordfl,https://rutherford.house.gov
Darren Soto,S001200,FL,9,Democrat,Representative,RepDarrenSoto,CongressmanDarrenSoto,repdarrensoto,RepDarrenSoto,https://soto.house.gov
Brian Mast,M001199,FL,21,Republican,Representative,RepBrianMast,repbrianmast,repbrianmast,RepBrianMast,https://mast.house.gov
Raja Krishnamoorthi,K000391,IL,8,Democrat,Representative,CongressmanRaja,congressmanraja,,congressmanraja,https://krishnamoorthi.house.gov
Jim Banks,B001299,IN,,Republican,Senator,RepJimBanks,RepJimBanks,,repjimbanks,https://www.banks.senate.gov
Roger Marshall,M001198,KS,,Republican,Senator,SenatorMarshall,RogerMarshallMD,UCR3nOFMqBB-kRpKFwgapMaQ,senrogermarshall,https://www.marshall.senate.gov
Clay Higgins,H001077,LA,3,Republican,Representative,RepClayHiggins,CongressmanClayHiggins,,RepClayHiggins,https://clayhiggins.house.gov
Mike Johnson,J000299,LA,4,Republican,Representative,RepMikeJohnson,RepMikeJohnson,,RepMikeJohnson,https://mikejohnson.house.gov
Jamie Raskin,R000606,MD,8,Democrat,Representative,RepRaskin,repraskin,,repraskin,https://raskin.house.gov
Jack Bergman,B001301,MI,1,Republican,Representative,RepJackBergman,RepJackBergman,RepJackBergman,RepJackBergman,https://bergman.house.gov
Ted Budd,B001305,NC,,Republican,Senator,RepTedBudd,RepTedBudd,@sentedbudd,sentedbudd,https://www.budd.senate.gov
Don Bacon,B001298,NE,2,Republican,Representative,RepDonBacon,RepDonBacon,,RepDonBacon,https://bacon.house.gov
Josh Gottheimer,G000583,NJ,5,Democrat,Representative,RepJoshG,RepJoshG,,RepJoshG,https://gottheimer.house.gov
Jacky Rosen,R000608,NV,,Democrat,Senator,SenJackyRosen,RepJackyRosen,,repjackyrosen,https://www.rosen.senate.gov
Adriano Espaillat,E000297,NY,13,Democrat,Representative,RepEspaillat,RepEspaillat,,repadrianoespaillat,https://espaillat.house.gov
Brian Fitzpatrick,F000466,PA,1,Republican,Representative,RepBrianFitz,repbrianfitzpatrick,,repbrianfitz,https://fitzpatrick.house.gov
Lloyd Smucker,S001199,PA,11,Republican,Representative,RepSmucker,RepSmucker,,,https://smucker.house.gov
David Kustoff,K000392,TN,8,Republican,Representative,RepDavidKustoff,RepDavidKustoff,,repdavidkustoff,https://kustoff.house.gov
Vicente Gonzalez,G000581,TX,34,Democrat,Representative,RepGonzalez,USCongressmanVicenteGonzalez,,repvicentegonzaleztx,https://gonzalez.house.gov
Jodey Arrington,A000375,TX,19,Republican,Representative,RepArrington,JodeyArrington,UC3lif8TFPOe-tJ2-pE4Rp7Q,repjodeyarrington,https://arrington.house.gov
Pramila Jayapal,J000298,WA,7,Democrat,Representative,RepJayapal,RepJayapal,,repjayapal,https://jayapal.house.gov
Ron Estes,E000298,KS,4,Republican,Representative,RepRonEstes,RepRonEstes,,RepRonEstes,https://estes.house.gov
Ralph Norman,N000190,SC,5,Republican,Representative,RepRalphNorman,RepRalphNorman,UCVVIZjUpGRB1pgQGDBVBU8Q,repralphnorman,https://norman.house.gov
Jimmy Gomez,G000585,CA,34,Democrat,Representative,RepJimmyGomez,RepJimmyGomez,UCOmm091WM6D01xTdzsWNvbQ,repjimmygomez,https://gomez.house.gov
John Curtis,C001114,UT,,Republican,Senator,RepJohnCurtis,RepJohnCurtis,,repjohncurtis,https://www.curtis.senate.gov
Tina Smith,S001203,MN,,Democrat,Senator,SenTinaSmith,USSenTinaSmith,,senatortinasmith,https://www.smith.senate.gov
Cindy Hyde-Smith,H001079,MS,,Republican,Senator,SenHydeSmith,SenatorCindyHydeSmith,,sencindyhydesmith,https://www.hydesmith.senate.gov
Michael Cloud,C001115,TX,27,Republican,Representative,RepCloudTX,RepCloudTX,RepCloudTX,repcloudtx,https://cloud.house.gov
Troy Balderson,B001306,OH,12,Republican,Representative,RepBalderson,RepTroyBalderson,UCm6vJzx-mu4Xr56FnQKRz0w,,https://balderson.house.gov
Kevin Hern,H001082,OK,1,Republican,Representative,repkevinhern,repkevinhern,UC9XRRGCgGOEtEOwUAo1rYZg,,https://hern.house.gov
Joseph Morelle,M001206,NY,25,Democrat,Representative,RepJoeMorelle,RepJoeMorelle,,,https://morelle.house.gov
Mary Scanlon,S001205,PA,5,Democrat,Representative,RepMGS,repmgs,,repmgs,https://scanlon.house.gov
Ed Case,C001055,HI,1,Democrat,Representative,RepEdCase,RepEdCase,RepEdCase,repedcase,https://case.house.gov
Steven Horsford,H001066,NV,4,Democrat,Representative,RepHorsford,,UCNEpy5bPXiyAavRzYnPlhDQ,rephorsford,https://horsford.house.gov
Greg Stanton,S001211,AZ,4,Democrat,Representative,RepGregStanton,repgregstanton,,repgregstanton,https://stanton.house.gov
Josh Harder,H001090,CA,9,Democrat,Representative,RepJoshHarder,,,,https://harder.house.gov
Mike Levin,L000593,CA,49,Democrat,Representative,RepMikeLevin,RepMikeLevin,UCYFDRohyZgoPy5rXOaVZO-A,RepMikeLevin,https://levin.house.gov
Joe Neguse,N000191,CO,2,Democrat,Representative,RepJoeNeguse,RepJoeNeguse,,,https://neguse.house.gov
Jason Crow,C001121,CO,6,Democrat,Representative,RepJasonCrow,RepJasonCrow,,,https://crow.house.gov
Jahana Hayes,H001081,CT,5,Democrat,Representative,RepJahanaHayes,RepJahanaHayes,UCXngpVME5LZjcdXxZQxSDQA,repjahanahayes,https://hayes.house.gov
W. Steube,S001214,FL,17,Republican,Representative,RepGregSteube,RepGregSteube,@RepGregSteube,repgregsteube,https://steube.house.gov
Lucy McBath,M001208,GA,6,Democrat,Representative,RepLucyMcBath,RepLucyMcBath,,replucymcbath,https://mcbath.house.gov
Russ Fulcher,F000469,ID,1,Republican,Representative,RepRussFulcher,RepRussFulcher,UCx2AS0O5frzPB8D6TqJ3Mqg,RepRussFulcher,https://fulcher.house.gov
Jesús García,G000586,IL,4,Democrat,Representative,RepChuyGarcia,RepChuyGarcia,,,https://chuygarcia.house.gov
Sean Casten,C001117,IL,6,Democrat,Representative,RepCasten,RepSeanCasten,,repseancasten,https://casten.house.gov
Lauren Underwood,U000040,IL,14,Democrat,Representative,RepUnderwood,,,,https://underwood.house.gov
James Baird,B001307,IN,4,Republican,Representative,RepJimBaird,RepJimBaird,UCAe6fGhotC9J9tR_QONYzFA,,https://baird.house.gov
Sharice Davids,D000629,KS,3,Democrat,Representative,RepDavids,,,,https://davids.house.gov
Lori Trahan,T000482,MA,3,Democrat,Representative,RepLoriTrahan,reploritrahan,UCsRXg0BmoS4Rkjz-pqX1PmQ,reploritrahan,https://trahan.house.gov
Ayanna Pressley,P000617,MA,7,Democrat,Representative,RepPressley,RepAyannaPressley,UCkhjut8oXdxN7HGg5eRT9Fw,RepAyannaPressley,https://pressley.house.gov
Elissa Slotkin,S001208,MI,,Democrat,Senator,RepSlotkin,SenElissaSlotkin,,senslotkin,https://www.slotkin.senate.gov
Haley Stevens,S001215,MI,11,Democrat,Representative,RepHaleyStevens,RepHaleyStevens,,,https://stevens.house.gov
Rashida Tlaib,T000481,MI,12,Democrat,Representative,RepRashida,RepRashida,UCl5GK07sD5TZIhKcsDNSExA,reprashida,https://tlaib.house.gov
Angie Craig,C001119,MN,2,Democrat,Representative,RepAngieCraig,RepAngieCraig,,,https://craig.house.gov
Ilhan Omar,O000173,MN,5,Democrat,Representative,Ilhan,,,,https://omar.house.gov
Pete Stauber,S001212,MN,8,Republican,Representative,RepPeteStauber,RepPeteStauber,,,https://stauber.house.gov
Michael Guest,G000591,MS,3,Republican,Representative,RepMichaelGuest,RepMichaelGuest,,,https://guest.house.gov
Chris Pappas,P000614,NH,1,Democrat,Representative,RepChrisPappas,,,,https://pappas.house.gov
Jefferson Van Drew,V000133,NJ,2,Republican,Representative,Congressman_JVD,CongressmanJVD,UCc5AGO_bQLeiv313Bbr35fg,jeffvandrew,https://vandrew.house.gov
Andy Kim,K000394,NJ,,Democrat,Senator,,SenatorAndyKim,,SenatorAndyKim,https://www.kim.senate.gov
Susie Lee,L000590,NV,3,Democrat,Representative,RepSusieLee,RepSusieLee,,repsusielee,https://susielee.house.gov
Alexandria Ocasio-Cortez,O000172,NY,14,Democrat,Representative,RepAOC,repaoc,,,https://ocasio-cortez.house.gov
Madeleine Dean,D000631,PA,4,Democrat,Representative,RepDean,RepMadeleineDean,UCHj4veUyhPzzOW-Jvn7MqUg,repmadeleinedean,https://dean.house.gov
Chrissy Houlahan,H001085,PA,6,Democrat,Representative,RepHoulahan,RepChrissyHoulahan,UCGydnnhsUZqFBscmcWcT-zQ,repchrissyhoulahan,https://houlahan.house.gov
Daniel Meuser,M001204,PA,9,Republican,Representative,RepMeuser,RepMeuser,,,https://meuser.house.gov
John Joyce,J000302,PA,13,Republican,Representative,RepJohnJoyce,,,,https://johnjoyce.house.gov
Guy Reschenthaler,R000610,PA,14,Republican,Representative,GReschenthaler,GReschenthaler,RepGuyReschenthaler,greschenthaler,https://reschenthaler.house.gov
William Timmons,T000480,SC,4,Republican,Representative,RepTimmons,reptimmons,,reptimmons,https://timmons.house.gov
Dusty Johnson,J000301,SD,0,Republican,Representative,RepDustyJohnson,,,,https://dustyjohnson.house.gov
Tim Burchett,B001309,TN,2,Republican,Representative,RepTimBurchett,,,,https://burchett.house.gov
John Rose,R000612,TN,6,Republican,Representative,RepJohnRose,repjohnrose,,,https://johnrose.house.gov
Dan Crenshaw,C001120,TX,2,Republican,Representative,RepDanCrenshaw,RepDanCrenshaw,UC2XDiCjAHtJqnSEzrHAY5IQ,dancrenshawtx,https://crenshaw.house.gov
Lance Gooden,G000589,TX,5,Republican,Representative,,,UCaEs0pYlL_1cLlPBHfl0RIg,,https://gooden.house.gov
Lizzie Fletcher,F000468,TX,7,Democrat,Representative,RepFletcher,RepFletcher,UCIWDLoDPvawP118TNWi-9rg,repfletcher,https://fletcher.house.gov
Veronica Escobar,E000299,TX,16,Democrat,Representative,RepEscobar,RepEscobar,UC46TX2P8K0CA_4gZv8_R2Og,repescobar,https://escobar.house.gov
Chip Roy,R000614,TX,21,Republican,Representative,RepChipRoy,,,,https://roy.house.gov
Sylvia Garcia,G000587,TX,29,Democrat,Representative,RepSylviaGarcia,RepSylviaGarcia,,,https://sylviagarcia.house.gov
Ben Cline,C001118,VA,6,Republican,Representative,RepBenCline,RepBenCline,@congressmanbencline8000,repbencline,https://cline.house.gov
Kim Schrier,S001216,WA,8,Democrat,Representative,RepKimSchrier,repkimschrier,,,https://schrier.house.gov
Bryan Steil,S001213,WI,1,Republican,Representative,RepBryanSteil,,,,https://steil.house.gov
Carol Miller,M001205,WV,1,Republican,Representative,RepCarolMiller,RepCarolMiller,,,https://miller.house.gov
Rick Scott,S001217,FL,,Republican,Senator,SenRickScott,RickScottSenOffice,,flsenrickscott,https://www.rickscott.senate.gov
Joshua Hawley,H001089,MO,,Republican,Senator,SenHawleyPress,SenatorHawley,UCMzt8xq6qQ3XQ_DlNfJx0-w,senatorhawley,https://www.hawley.senate.gov
Jared Golden,G000592,ME,2,Democrat,Representative,RepGolden,,,,https://golden.house.gov
Gregory Murphy,M001210,NC,3,Republican,Representative,RepGregMurphy,RepGregMurphy,,repgregmurphy,https://murphy.house.gov
Kweisi Mfume,M000687,MD,7,Democrat,Representative,RepKweisiMfume,RepKweisiMfume,UCbE6PJy-4U0DxosEW2TBQRA,repkweisimfume,https://mfume.house.gov
Thomas Tiffany,T000165,WI,7,Republican,Representative,RepTiffany,RepTiffany,,,https://tiffany.house.gov
Mark Kelly,K000377,AZ,,Democrat,Senator,SenMarkKelly,SenMarkKelly,SenMarkKelly,senmarkkelly,https://www.kelly.senate.gov
Cynthia Lummis,L000571,WY,,Republican,Senator,SenLummis,sencynthialummis,,sencynthialummis,https://www.lummis.senate.gov
Darrell Issa,I000056,CA,48,Republican,Representative,repdarrellissa,congressmandarrellissa,,,https://issa.house.gov
Pete Sessions,S000250,TX,17,Republican,Representative,PeteSessions,petesessions,@congressmanpetesessions,congressmanpetesessions,https://sessions.house.gov
David Valadao,V000129,CA,22,Republican,Representative,RepDavidValadao,CongressmanDavidValadao,,,https://valadao.house.gov
Tommy Tuberville,T000278,AL,,Republican,Senator,SenTuberville,RogerMarshallMD,,sentuberville,https://www.tuberville.senate.gov
John Hickenlooper,H000273,CO,,Democrat,Senator,SenatorHick,SenatorHick,UCU6pcq-AZA9wnmIPBj6ePwQ,senatorhick,https://www.hickenlooper.senate.gov
Bill Hagerty,H000601,TN,,Republican,Senator,SenatorHagerty,SenatorBillHagerty,UCqLlLx05ScUwxVHvevyaDFg,senatorhagerty,https://www.hagerty.senate.gov
Barry Moore,M001212,AL,1,Republican,Representative,RepBarryMoore,RepBarryMoore,,,https://barrymoore.house.gov
Jay Obernolte,O000019,CA,23,Republican,Representative,JayObernolte,,,,https://obernolte.house.gov
Young Kim,K000397,CA,40,Republican,Representative,RepYoungKim,RepYoungKim,@RepYoungKim,repyoungkim,https://youngkim.house.gov
Sara Jacobs,J000305,CA,51,Democrat,Representative,RepSaraJacobs,RepSaraJacobs,,repsarajacobs,https://sarajacobs.house.gov
Lauren Boebert,B000825,CO,4,Republican,Representative,RepBoebert,RepBoebert,,,https://boebert.house.gov
Katherine Cammack,C001039,FL,3,Republican,Representative,RepKatCammack,RepKatCammack,,repkatcammack,https://cammack.house.gov
C. Franklin,F000472,FL,18,Republican,Representative,RepFranklin,RepFranklin,@RepFranklin,RepFranklin,https://franklin.house.gov
Byron Donalds,D000032,FL,19,Republican,Representative,RepDonaldsPress,,UCjy0W7sksMz37IYY27tAZNQ,byrondonalds,https://donalds.house.gov
Carlos Gimenez,G000593,FL,28,Republican,Representative,RepCarlos,RepCarlosGimenez,,repcarlosfl,https://gimenez.house.gov
Maria Salazar,S000168,FL,27,Republican,Representative,RepMariaSalazar,RepMariaSalazar,,repmariasalazar,https://salazar.house.gov
Nikema Williams,W000788,GA,5,Democrat,Representative,RepNikema,RepNikemaWilliams,,repnikema,https://nikemawilliams.house.gov
Andrew Clyde,C001116,GA,9,Republican,Representative,Rep_Clyde,RepresentativeClyde,UC-o-UOnLuu8pZxZpShG4s7A,repclyde,https://clyde.house.gov
Ashley Hinson,H001091,IA,2,Republican,Representative,RepAshleyHinson,RepAshleyHinson,,,https://hinson.house.gov
Mariannette Miller-Meeks,M001215,IA,1,Republican,Representative,RepMMM,RepMMM,,,https://millermeeks.house.gov
Randy Feenstra,F000446,IA,4,Republican,Representative,RepFeenstra,repfeenstra,,,https://feenstra.house.gov
Mary Miller,M001211,IL,15,Republican,Representative,RepMaryMiller,RepMaryMiller,,,https://marymiller.house.gov
Frank Mrvan,M001214,IN,1,Democrat,Representative,RepMrvan,RepMrvan,,,https://mrvan.house.gov
Victoria Spartz,S000929,IN,5,Republican,Representative,RepSpartz,RepSpartz,,,https://spartz.house.gov
Tracey Mann,M000871,KS,1,Republican,Representative,RepMann,Congressman-Tracey-Mann-105522931489227,,reptraceymann,https://mann.house.gov
Jake Auchincloss,A000148,MA,4,Democrat,Representative,RepAuchincloss,RepAuchincloss,RepAuchincloss,,https://auchincloss.house.gov
Lisa McClain,M001136,MI,9,Republican,Representative,RepLisaMcClain,RepLisaMcClain,,replisamcclain,https://mcclain.house.gov
Michelle Fischbach,F000470,MN,7,Republican,Representative,RepFischbach,repfischbach,UCAxs5zhFdAkGbkRnuC3osDw,repfischbach,https://fischbach.house.gov
Deborah Ross,R000305,NC,2,Democrat,Representative,RepDeborahRoss,RepDeborahRoss,,repdeborahross,https://ross.house.gov
Teresa Leger Fernandez,L000273,NM,3,Democrat,Representative,RepTeresaLF,RepTeresaLF,@rep.teresalegerfernandez8059,repteresalf,https://fernandez.house.gov
Andrew Garbarino,G000597,NY,2,Republican,Representative,RepGarbarino,RepAndrewGarbarino,,,https://garbarino.house.gov
Nicole Malliotakis,M000317,NY,11,Republican,Representative,RepMalliotakis,RepNicole,,,https://malliotakis.house.gov
Ritchie Torres,T000486,NY,15,Democrat,Representative,RepRitchie,RepRitchie,@RepRitchie,repritchie,https://ritchietorres.house.gov
Stephanie Bice,B000740,OK,5,Republican,Representative,RepBice,RepStephanieBice,,,https://bice.house.gov
Cliff Bentz,B000668,OR,2,Republican,Representative,RepBentz,RepBentz,,repbentz,https://bentz.house.gov
Nancy Mace,M000194,SC,1,Republican,Representative,RepNancyMace,RepNancyMace,,repnancymace,https://mace.house.gov
Diana Harshbarger,H001086,TN,1,Republican,Representative,RepHarshbarger,RepDianaHarshbarger,,,https://harshbarger.house.gov
Patrick Fallon,F000246,TX,4,Republican,Representative,RepPatFallon,RepPatFallon,RepPatFallon,RepPatFallon,https://fallon.house.gov
August Pfluger,P000048,TX,11,Republican,Representative,RepPfluger,RepAugustPfluger,UC8bJT16wpa7co50ELvpMTTg,repaugustpfluger,https://pfluger.house.gov
Ronny Jackson,J000304,TX,13,Republican,Representative,RepRonnyJackson,RepRonnyJackson,,RepRonnyJackson,https://jackson.house.gov
Troy Nehls,N000026,TX,22,Republican,Representative,RepTroyNehls,RepTroyNehls,,reptroynehls,https://nehls.house.gov
Ernest Gonzales,G000594,TX,23,Republican,Representative,RepTonyGonzales,RepTonyGonzales,,,https://gonzales.house.gov
Beth Van Duyne,V000134,TX,24,Republican,Representative,RepBethVanDuyne,RepBethVanDuyne,,repbethvanduyne,https://vanduyne.house.gov
Blake Moore,M001213,UT,1,Republican,Representative,RepBlakeMoore,RepBlakeMoore,@RepBlakeMoore,repblakemoore,https://blakemoore.house.gov
Clarence Owens,O000086,UT,4,Republican,Representative,RepBurgessOwens,CongressmanBurgessOwens,UCxeB7xjbLDJM9Yw6brXsX6Q,repburgessowens,https://owens.house.gov
Marilyn Strickland,S001159,WA,10,Democrat,Representative,RepStricklandWA,RepStricklandWA,,repstricklandwa,https://strickland.house.gov
Scott Fitzgerald,F000471,WI,5,Republican,Representative,RepFitzgerald,CongressmanScottFitzgerald,,,https://fitzgerald.house.gov
Alejandro Padilla,P000145,CA,,Democrat,Senator,SenAlexPadilla,SenAlexPadilla,,SenAlexPadilla,https://www.padilla.senate.gov
Jon Ossoff,O000174,GA,,Democrat,Senator,SenOssoff,SenOssoff,,jonossoff,https://www.ossoff.senate.gov
Raphael Warnock,W000790,GA,,Democrat,Senator,SenatorWarnock,SenatorWarnock,senatorwarnock,,https://www.warnock.senate.gov
Claudia Tenney,T000478,NY,24,Republican,Representative,RepTenney,RepClaudiaTenney,,,https://tenney.house.gov
Julia Letlow,L000595,LA,5,Republican,Representative,RepJuliaLetlow,repjulialetlow,,,https://letlow.house.gov
Troy Carter,C001125,LA,2,Democrat,Representative,RepTroyCarter,RepTroyCarter,,,https://troycarter.house.gov
Melanie Stansbury,S001218,NM,1,Democrat,Representative,Rep_Stansbury,RepStansbury,,,https://stansbury.house.gov
Jake Ellzey,E000071,TX,6,Republican,Representative,RepEllzey,RepJakeEllzey,,,https://ellzey.house.gov
Shontel Brown,B001313,OH,11,Democrat,Representative,RepShontelBrown,RepShontelBrown,,,https://shontelbrown.house.gov
Mike Carey,C001126,OH,15,Republican,Representative,RepMikeCarey,RepMikeCarey,@congressmanmikecarey,,https://carey.house.gov
Sheila Cherfilus-McCormick,C001127,FL,20,Democrat,Representative,,congresswomanSCM,,,https://cherfilus-mccormick.house.gov
Mike Flood,F000474,NE,1,Republican,Representative,USRepMikeFlood,Congressman-Mike-Flood-101986952582058,,,https://flood.house.gov
Brad Finstad,F000475,MN,1,Republican,Representative,RepFinstad,RepFinstad,@repfinstad,repfinstad,https://finstad.house.gov
Patrick Ryan,R000579,NY,18,Democrat,Representative,RepPatRyanNY,,,,https://patryan.house.gov
Rudy Yakym,Y000067,IN,2,Republican,Representative,RepRudyYakym,RepRudyYakym,,,https://yakym.house.gov
Ryan Zinke,Z000018,MT,1,Republican,Representative,RepRyanZinke,RepRyanZinke,,RepRyanZinke,https://zinke.house.gov
Katie Britt,B001319,AL,,Republican,Senator,SenKatieBritt,senkatiebritt,UCbrYQF8n5ftTPqn8ZNo5vYw,senkatiebritt,https://www.britt.senate.gov
Eric Schmitt,S001227,MO,,Republican,Senator,SenEricSchmitt,116059838031776,@senericschmitt,senericschmitt,https://www.schmitt.senate.gov
John Fetterman,F000479,PA,,Democrat,Senator,,SenFettermanPA,,senfettermanpa,https://www.fetterman.senate.gov
Dale Strong,S001220,AL,5,Republican,Representative,RepDaleStrong,repdalestrong,,repdalestrong,https://strong.house.gov
Eli Crane,C001132,AZ,2,Republican,Representative,RepEliCrane,100088851021670,@rep.elicrane,,https://crane.house.gov
Juan Ciscomani,C001133,AZ,6,Republican,Representative,RepCiscomani,100089186535085,UCD329AYGX7YnMMSUaTKWHwA,repjuanciscomani,https://ciscomani.house.gov
Kevin Kiley,K000401,CA,3,Republican,Representative,RepKiley,100089382125341,@repkevinkiley,,https://kiley.house.gov
Kevin Mullin,M001225,CA,15,Democrat,Representative,RepKevinMullin,CongressmanKevinMullin,UCAenuXjUZagZyD4HQL7_2ZA,repkevinmullin,https://kevinmullin.house.gov
Sydney Kamlager-Dove,K000400,CA,37,Democrat,Representative,RepKamlagerDove,RepKamlagerDove,,rep_kamlagerdove,https://kamlager-dove.house.gov
Robert Garcia,G000598,CA,42,Democrat,Representative,RepRobertGarcia,reprobertgarcia,,RepRobertGarcia,https://robertgarcia.house.gov
Brittany Pettersen,P000620,CO,7,Democrat,Representative,reppettersen,repbrittanypettersen,,reppettersen,https://pettersen.house.gov
Aaron Bean,B001314,FL,4,Republican,Representative,RepAaronBean,100089355874563,,RepAaronBean,https://bean.house.gov
Cory Mills,M001216,FL,7,Republican,Representative,RepMillsPress,100089218152197,,repcorymills,https://mills.house.gov
Maxwell Frost,F000476,FL,10,Democrat,Representative,RepMaxwellFrost,RepMaxwellFrost,,RepMaxwellFrost,https://frost.house.gov
Anna Luna,L000596,FL,13,Republican,Representative,RepLuna,,@RepLuna,repluna,https://luna.house.gov
Laurel Lee,L000597,FL,15,Republican,Representative,RepLaurelLee,RepLaurelLee,,replaurellee,https://laurellee.house.gov
Jared Moskowitz,M001217,FL,23,Democrat,Representative,RepMoskowitz,RepMoskowitz,@RepMoskowitz,repmoskowitz,https://moskowitz.house.gov
Rich McCormick,M001218,GA,7,Republican,Representative,RepMcCormick,100089135203690,,reprichmccormick,https://mccormick.house.gov
Mike Collins,C001129,GA,10,Republican,Representative,RepMikeCollins,RepMikeCollinsGA,,repmikecollins,https://collins.house.gov
James (Jim) Moylan,M001219,GU,0,Republican,Representative,JMoylanforGuam,100089324793869,,repjamesmoylan,https://moylan.house.gov
Jill Tokuda,T000487,HI,2,Democrat,Representative,RepJillTokuda,RepJillTokuda,UCBXwZrEZWQiSXebInVuYuvw,repjilltokuda,https://tokuda.house.gov
Zachary (Zach) Nunn,N000193,IA,3,Republican,Representative,ZachNunn,RepZachNunn,UCHcM0qd2GQ2CbOHSGZ06rrA,repzachnunn,https://nunn.house.gov
Jonathan Jackson,J000309,IL,1,Democrat,Representative,,repjackson,,repjackson,https://jonathanjackson.house.gov
Delia Ramirez,R000617,IL,3,Democrat,Representative,repdeliaramirez,Repdeliaramirez,,repdeliaramirez,https://ramirez.house.gov
Nicole (Nikki) Budzinski,B001315,IL,13,Democrat,Representative,RepNikkiB,RepNikkiBudzinski,UCp0Ykb-qUGx3ekTH9MIEK-w,repnikki,https://budzinski.house.gov
Eric Sorensen,S001225,IL,17,Democrat,Representative,RepEricSorensen,,,repericsorensen,https://sorensen.house.gov
Erin Houchin,H001093,IN,9,Republican,Representative,RepHouchin,RepHouchin,,rephouchin,https://houchin.house.gov
Morgan McGarvey,M001220,KY,3,Democrat,Representative,RepMcGarvey,RepMcGarvey,,repmcgarvey,https://mcgarvey.house.gov
Glenn Ivey,I000058,MD,4,Democrat,Representative,RepGlennIvey,RepGlennIvey,,repglennivey,https://ivey.house.gov
Hillary Scholten,S001221,MI,3,Democrat,Representative,RepScholten,100089476625799,,RepScholten,https://scholten.house.gov
John James,J000307,MI,10,Republican,Representative,RepJames,RepJohnJames,@RepJohnJames,RepJohnJames,https://james.house.gov
Shri Thanedar,T000488,MI,13,Democrat,Representative,RepShriThanedar,CongressmanShriThanedar,,RepShriThanedar,https://thanedar.house.gov
Mark Alford,A000379,MO,4,Republican,Representative,RepMarkAlford,100089595940547,@RepAlford,RepMarkAlford,https://alford.house.gov
Eric Burlison,B001316,MO,7,Republican,Representative,RepEricBurlison,100089208900263,UCuJFygzYhGiXMZHjhTQy20w,RepEricBurlison,https://burlison.house.gov
Mike Ezell,E000235,MS,4,Republican,Representative,RepEzell,repezell,UCseRXy2_n4j97lndfkQ_hAw,repmikeezell,https://ezell.house.gov
Donald Davis,D000230,NC,1,Democrat,Representative,RepDonDavis,RepDonDavis,,RepDonDavis,https://dondavis.house.gov
Valerie Foushee,F000477,NC,4,Democrat,Representative,ValerieFoushee,RepValerieFoushee,@RepValerieFoushee,repvaleriefoushee,https://foushee.house.gov
Charles (Chuck) Edwards,E000246,NC,11,Republican,Representative,RepEdwards,RepChuckEdwards,,repchuckedwards,https://edwards.house.gov
Thomas Kean,K000398,NJ,7,Republican,Representative,CongressmanKean,CongressmanKean,,congressmankean,https://kean.house.gov
Robert Menendez,M001226,NJ,8,Democrat,Representative,RepMenendez,repmenendez,,repmenendez,https://menendez.house.gov
Gabriel (Gabe) Vasquez,V000136,NM,2,Democrat,Representative,RepGabeVasquez,100089328694464,,RepGabeVasquez,https://vasquez.house.gov
Nicolas LaLota,L000598,NY,1,Republican,Representative,RepLaLota,replalota,,replalota,https://lalota.house.gov
Dan Goldman,G000599,NY,10,Democrat,Representative,RepDanGoldman,RepDanGoldman,,repdangoldman,https://goldman.house.gov
Michael Lawler,L000599,NY,17,Republican,Representative,RepMikeLawler,RepMikeLawler,@RepMikeLawler,RepMikeLawler,https://lawler.house.gov
Nicholas Langworthy,L000600,NY,23,Republican,Representative,RepLangworthy,RepLangworthy,,replangworthy,https://langworthy.house.gov
Greg Landsman,L000601,OH,1,Democrat,Representative,repgreglandsman,RepGregLandsman,,repgreglandsman,https://landsman.house.gov
Max Miller,M001222,OH,7,Republican,Representative,repmaxmiller,CongressmanMaxMiller,@RepMaxMiller,repmaxmiller,https://maxmiller.house.gov
Emilia Sykes,S001223,OH,13,Democrat,Representative,RepEmiliaSykes,repemiliasykes,@repemiliasykes,RepEmiliaSykes,https://sykes.house.gov
Josh Brecheen,B001317,OK,2,Republican,Representative,repbrecheen,100089040632497,UCSX3nV53o-1-e0nFA6pPs2w,repbrecheen,https://brecheen.house.gov
Valerie Hoyle,H001094,OR,4,Democrat,Representative,repvalhoyle,repvalhoyle,,RepHoyle,https://hoyle.house.gov
Andrea Salinas,S001226,OR,6,Democrat,Representative,repsalinas,RepSalinas,,repsalinas,https://salinas.house.gov
Summer Lee,L000602,PA,12,Democrat,Representative,RepSummerLee,RepSummerLee,UCqQJ44qlkVxWV5N12YeacyA,repsummerlee,https://summerlee.house.gov
Chris Deluzio,D000530,PA,17,Democrat,Representative,RepDeluzio,RepChrisDeluzio,,RepDeluzio,https://deluzio.house.gov
Seth Magaziner,M001223,RI,2,Democrat,Representative,Rep_Magaziner,repsethmagaziner,,,https://magaziner.house.gov
Russell Fry,F000478,SC,7,Republican,Representative,RepRussellFry,reprussellfry,@reprussellfry,reprussellfry,https://fry.house.gov
Andrew Ogles,O000175,TN,5,Republican,Representative,repogles,RepAndyOgles,,repandyogles,https://ogles.house.gov
Nathaniel Moran,M001224,TX,1,Republican,Representative,RepNateMoran,RepNateMoran,@RepNateMoran,RepNateMoran,https://moran.house.gov
Keith Self,S001224,TX,3,Republican,Representative,repkeithself,repkeithself,,repkeithself,https://keithself.house.gov
Morgan Luttrell,L000603,TX,8,Republican,Representative,RepLuttrell,100089328790942,,repluttrelltx,https://luttrell.house.gov
Mónica De La Cruz,D000594,TX,15,Republican,Representative,RepMonicaDLC,RepMonicaDLC,@RepMonicaDLC,RepMonicaDLC,https://delacruz.house.gov
Jasmine Crockett,C001130,TX,30,Democrat,Representative,RepJasmine,RepJasmine,,RepJasmine,https://crockett.house.gov
Gregorio Casar,C001131,TX,35,Democrat,Representative,RepCasar,RepCasar,,RepCasar,https://casar.house.gov
Wesley Hunt,H001095,TX,38,Republican,Representative,RepWesleyHunt,RepWesleyHunt,,repwph,https://hunt.house.gov
Jennifer Kiggans,K000399,VA,2,Republican,Representative,RepJenKiggans,repjenkiggans,@repjenkiggans,repjenkiggans,https://kiggans.house.gov
Becca Balint,B001318,VT,0,Democrat,Representative,RepBeccaB,repbeccab,YouTubeChannelID,repbeccab,https://balint.house.gov
Marie Gluesenkamp Perez,G000600,WA,3,Democrat,Representative,RepMGP,RepMGP,@repmgp,repmgp,https://gluesenkampperez.house.gov
Derrick Van Orden,V000135,WI,3,Republican,Representative,RepVanOrden,RepVanOrden,,RepVanOrden,https://vanorden.house.gov
Harriet Hageman,H001096,WY,0,Republican,Representative,RepHageman,,@rephageman,,https://hageman.house.gov
Pete Ricketts,R000618,NE,,Republican,Senator,SenatorRicketts,SenatorRicketts,@SenatorRicketts,SenatorRicketts,https://www.ricketts.senate.gov
Jennifer McClellan,M001227,VA,4,Democrat,Representative,RepMcClellan,,,repmcclellan,https://mcclellan.house.gov
Gabe Amo,A000380,RI,1,Democrat,Representative,RepGabeAmo,61553581414066,,repgabeamo,https://amo.house.gov
Celeste Maloy,M001228,UT,2,Republican,Representative,RepMaloyUtah,61555755717517,@RepCelesteMaloy,RepCelesteMaloy,https://maloy.house.gov
Thomas Suozzi,S001201,NY,3,Democrat,Representative,reptomsuozzi,RepTomSuozzi,,,https://suozzi.house.gov
Timothy Kennedy,K000402,NY,26,Democrat,Representative,reptimkennedy,reptimkennedy,@reptimkennedy,reptimkennedy,https://kennedy.house.gov
Vince Fong,F000480,CA,20,Republican,Representative,RepVinceFong,,,repvincefong,https://fong.house.gov
Michael Rulli,R000619,OH,6,Republican,Representative,,,,,https://rulli.house.gov
LaMonica McIver,M001229,NJ,10,Democrat,Representative,RepLaMonica,RepLaMonica,,replamonica,https://mciver.house.gov
Tony Wied,W000829,WI,8,Republican,Representative,RepTonyWied,61568624194199,,reptonywied,https://wied.house.gov
Cleo Fields,F000110,LA,6,Democrat,Representative,repfields,Congressman-Cleo-Fields,,repcleofields_,https://fields.house.gov
Marlin Stutzman,S001188,IN,3,Republican,Representative,RepStutzman,repstutzman,,repstutzman,https://stutzman.house.gov
Gilbert Cisneros,C001123,CA,31,Democrat,Representative,,RepGilCisneros,,repgilcisneros,https://cisneros.house.gov
Angela Alsobrooks,A000382,MD,,Democrat,Senator,,SenatorAlsobrooks,,sen_alsobrooks,https://www.alsobrooks.senate.gov
Tim Sheehy,S001232,MT,,Republican,Senator,,,,,https://www.sheehy.senate.gov
Bernie Moreno,M001242,OH,,Republican,Senator,berniemoreno,,,Berniemorenoforohio,https://www.moreno.senate.gov
Dave McCormick,M001243,PA,,Republican,Senator,,SenMcCormickPA,@SenMcCormickPA,senmccormickpa,https://www.mccormick.senate.gov
Nicholas Begich,B001323,AK,0,Republican,Representative,repnickbegich,RepNickBegich,,RepNickBegich,https://begich.house.gov
Shomari Figures,F000481,AL,2,Democrat,Representative,repscfigures,congressman.shomari.figures,,repscfigures,https://figures.house.gov
Yassamin Ansari,A000381,AZ,3,Democrat,Representative,RepYassAnsari,RepYassAnsari,,RepYassAnsari,https://ansari.house.gov
Abraham Hamadeh,H001098,AZ,8,Republican,Representative,,,,,https://hamadeh.house.gov
Lateefah Simon,S001231,CA,12,Democrat,Representative,RepLSimon,RepLSimon,,RepLSimon,https://simon.house.gov
Adam Gray,G000605,CA,13,Democrat,Representative,RepAdamGrayCA,repadamgrayca,,repadamgrayca,https://gray.house.gov
Sam Liccardo,L000607,CA,16,Democrat,Representative,repliccardo,,,repliccardo,https://liccardo.house.gov
George Whitesides,W000830,CA,27,Democrat,Representative,Rep_Whitesides,repwhitesides,,repwhitesides,https://whitesides.house.gov
Luz Rivas,R000620,CA,29,Democrat,Representative,RepLuzRivas,congresswomanluzrivas,,RepLuzRivas,https://rivas.house.gov
Laura Friedman,F000483,CA,30,Democrat,Representative,RepFriedmanCA,RepLauraFriedman,,RepLauraFriedman,https://friedman.house.gov
Derek Tran,T000491,CA,45,Democrat,Representative,,,,,https://tran.house.gov
Dave Min,M001241,CA,47,Democrat,Representative,,,,,https://min.house.gov
Jeff Hurd,H001100,CO,3,Republican,Representative,RepJeffHurd,61571570223582,@RepJeffHurd03,repjeffhurd,https://hurd.house.gov
Jeff Crank,C001137,CO,5,Republican,Representative,RepJeffCrank,RepJeffCrank,,repjeffcrank,https://crank.house.gov
Gabe Evans,E000300,CO,8,Republican,Representative,repgabeevans,RepGabeEvans,,RepGabeEvans,https://gabeevans.house.gov
Sarah McBride,M001238,DE,0,Democrat,Representative,,CongresswomanSarahMcBride,,congresswomansarahmcbride,https://mcbride.house.gov
Mike Haridopolos,H001099,FL,8,Republican,Representative,repharidopolos,,,,https://haridopolos.house.gov
Brian Jack,J000311,GA,3,Republican,Representative,RepBrianJack,RepBrianJack,,repbrianjack,https://jack.house.gov
Jefferson Shreve,S001229,IN,6,Republican,Representative,repshreve,RepJeffersonShreve,,repshreve,https://shreve.house.gov
Mark Messmer,M001233,IN,8,Republican,Representative,,CongressmanMessmer,,HouseRepublicans,https://messmer.house.gov
Derek Schmidt,S001228,KS,2,Republican,Representative,repderekschmidt,repderekschmidt,,repderekschmidt,https://schmidt.house.gov
Johnny Olszewski,O000176,MD,2,Democrat,Representative,RepJohnnyO,,,repjohnnyo,https://olszewski.house.gov
Sarah Elfreth,E000301,MD,3,Democrat,Representative,repsarahelfreth,RepSarahElfreth,,RepSarahElfreth,https://elfreth.house.gov
April McClain Delaney,M001232,MD,6,Democrat,Representative,RepAprilDelaney,RepAprilDelaney,,repaprildelaney,https://mcclaindelaney.house.gov
Tom Barrett,B001321,MI,7,Republican,Representative,reptombarrett,RepTomBarrett,,,https://barrett.house.gov
Kristen McDonald Rivet,M001237,MI,8,Democrat,Representative,repkmr,repmcdonaldrivet,,repmcdonaldrivet,https://mcdonaldrivet.house.gov
Kelly Morrison,M001234,MN,3,Democrat,Representative,kellymorrisonmn,repkellymorrison,,kellymorrisonmn,https://morrison.house.gov
Wesley Bell,B001324,MO,1,Democrat,Representative,RepWesleyBellMO,61571538239904,,,https://bell.house.gov
Robert Onder,O000177,MO,3,Republican,Representative,RepBobOnder,RepBobOnder,,repbobonder,https://onder.house.gov
Kimberlyn King-Hinds,K000404,MP,0,Republican,Representative,RepKimKingHinds,61571529818077,,RepKimKingHinds,https://king-hinds.house.gov
Troy Downing,D000634,MT,2,Republican,Representative,reptroydowning,reptroydowning,,reptroydowning,https://downing.house.gov
Addison McDowell,M001240,NC,6,Republican,Representative,RepMcDowell,RepMcDowell,,repmcdowell,https://mcdowell.house.gov
Mark Harris,H001102,NC,8,Republican,Representative,RepMarkHarrisNC,RepMarkHarris,,repmarkharris,https://markharris.house.gov
Pat Harrigan,H001101,NC,10,Republican,Representative,RepPatHarrigan,RepPatHarrigan,,RepPatHarrigan,https://harrigan.house.gov
Brad Knott,K000405,NC,13,Republican,Representative,RepKnott,61571474013264,,repknott,https://knott.house.gov
Tim Moore,M001236,NC,14,Republican,Representative,RepTimMooreNC,CongressmanTimMoore,,reptimmoore,https://timmoore.house.gov
Julie Fedorchak,F000482,ND,0,Republican,Representative,RepFedorchak,RepJulieFedorchak,,RepJulieFedorchak,https://fedorchak.house.gov
Maggie Goodlander,G000604,NH,2,Democrat,Representative,RepGoodlander,61571606604866,,repgoodlander,https://goodlander.house.gov
Herbert Conaway,C001136,NJ,3,Democrat,Representative,RepHerbConaway,,,,https://conaway.house.gov
Nellie Pou,P000621,NJ,9,Democrat,Representative,caohouse,CAOHouseofReps,,housecreativeservices,https://pou.house.gov
Laura Gillen,G000602,NY,4,Democrat,Representative,RepLauraGillen,replauragillen,,replauragillen,https://gillen.house.gov
George Latimer,L000606,NY,16,Democrat,Representative,RepGLatimer,61571201977917,,repglatimer,https://latimer.house.gov
Josh Riley,R000622,NY,19,Democrat,Representative,,RepRileyNY,,RepRileyNY,https://riley.house.gov
John Mannion,M001231,NY,22,Democrat,Representative,JohnMannionNY22,CongressmanJohnMannion,,congressmannion,https://mannion.house.gov
David Taylor,T000490,OH,2,Republican,Representative,RepDaveTaylor,61571224837800,,repdavetaylor,https://taylor.house.gov
Maxine Dexter,D000635,OR,3,Democrat,Representative,RepDexterOR,RepDexterOR,,repdexteror,https://dexter.house.gov
Janelle Bynum,B001326,OR,5,Democrat,Representative,RepBynum,repbynum,,repbynum,https://bynum.house.gov
Ryan Mackenzie,M001230,PA,7,Republican,Representative,RepMackenzie,repmackenzie,,RepMackenzie,https://mackenzie.house.gov
Robert Bresnahan,B001327,PA,8,Republican,Representative,RepBresnahan,RepBresnahan,,RepBresnahan,https://bresnahan.house.gov
Pablo José Hernández Rivera,H001103,PR,0,Democrat,Representative,reppablojose,61569891687422,,reppablojose,https://hernandez.house.gov
Sheri Biggs,B001325,SC,3,Republican,Representative,repsheribiggs,RepSheriBiggs,,RepSheriBiggs,https://sheribiggs.house.gov
Craig Goldman,G000601,TX,12,Republican,Representative,RepCraigGoldman,61571449239416,,repcraiggoldman,https://craiggoldman.house.gov
Brandon Gill,G000603,TX,26,Republican,Representative,repbrandongill,RepBrandonGill,,repbrandongill,https://gill.house.gov
Julie Johnson,J000310,TX,32,Democrat,Representative,RepJulieJohnson,61569064997067,,repjuliejohnson,https://juliejohnson.house.gov
Mike Kennedy,K000403,UT,3,Republican,Representative,repmikekennedy,RepMikeKennedy,,repmikekennedy,https://mikekennedy.house.gov
John McGuire,M001239,VA,5,Republican,Representative,RepJohnMcGuire,RepJohnMcGuire,,repjohnmcguire,https://mcguire.house.gov
Eugene Vindman,V000138,VA,7,Democrat,Representative,RepVindman,CongressmanEugeneVindman,,repvindman,https://vindman.house.gov
Suhas Subramanyam,S001230,VA,10,Democrat,Representative,RepSuhas,RepSuhasSubramanyam,,repsuhas,https://subramanyam.house.gov
Michael Baumgartner,B001322,WA,5,Republican,Representative,repbaumgartner,RepBaumgartner,,repbaumgartner,https://baumgartner.house.gov
Emily Randall,R000621,WA,6,Democrat,Representative,,,,,https://randall.house.gov
Riley Moore,M001235,WV,2,Republican,Representative,RepRileyMoore,,,reprileymoore,https://rileymoore.house.gov
Jim Justice,J000312,WV,,Republican,Senator,,100044187231175,,senjimjustice,https://www.justice.senate.gov
Jon Husted,H001104,OH,,Republican,Senator,,,,,https://www.husted.senate.gov
Ashley Moody,M001244,FL,,Republican,Senator,,,,,https://www.moody.senate.gov
Jimmy Patronis,P000622,FL,1,Republican,Representative,,,,,https://patronis.house.gov
Randall Fine,F000484,FL,6,Republican,Representative,,,,,https://fine.house.gov
James Walkinshaw,W000831,VA,11,Democrat,Representative,,,,,
Adelita Grijalva,G000606,AZ,7,Democrat,Representative,,,,,https://grijalva.house.gov/
Matt Van Epps,V000139,TN,7,Republican,Representative,,,,,https://vanepps.house.gov/
Christian Menefee,M001245,TX,18,Democrat,Representative,,,,,https://menefee.house.gov/
